,,,,"At Levels 3, 7 and 11 Spellcasters may choose a spell from any Spell List. Arcanist, Bards and Way of the Arcane Monks may choose from any Spell List at all levels. ",,,,,,,,,
Spell Name,School,Resource,Mechanic,Range,Condition,Duration,Effect,Upcast,Cleric /Paladin,Druid/ Ranger,Sorcerer/Wild Barbarian,Warlock/ Eldritch Knight,Wizard/ Arcane Trickster
Absorb Elements,Abjuration,Bonus,Buff,18 m,Absorb Elements (Element),3 turns,Grant a creature Resistance to an element of your choice. All elements are available to choose from. This Spell may be cast while Silenced or Muted and will not break Stealth.,Select 1 additional target per level,X,X,,,
Acid Cloud,Conjuration,Action,Concentration                       / CON Save,18 m,Nauseous,1 Turn,Create a 3 m cloud of acidic gas that deals 1d6(+4) Acid Damage and applies the condition Nauseous to creatures who remain in its area of effect.,Deal an additional 1d6(+4) Acid Damage per level,,,X,X,
Aid,Abjuration,Bonus,Buff,18 m,Aid,Until Long Rest,Provide 6 Temporary Hit Points to yourself and any allied creatures in your area of effect.,Additional 6 Temporary Hit Points per level,X,X,,,
Animate Dead,Necromancy,Bonus,Summon,18 m,None,Until Long Rest,Create a Light Crossbow wielding Skeleton or Zombie from a corpse. The corpse cannot be large in size.,Additional corpses may be targeted per level.,X,,,,X
Arcane Gate,Conjuration,Bonus,Movement,18 m,None,3 Turns,Create two linked teleporation portals.,No additional benefits,X,,,,X
Arcane Lock,Abjuration,Bonus,Concentration,18 m,Arcane Lock,Until Long Rest,Lock a door or container with a magical lock. It can no longer be lockpicked or opened with Knock.,Select 1 additional target per level,X,,,,X
Arcane Vortex,Conjuration,Action,STR Save,18 m,Arcane Vortex Aura,3 Turns,Deal 1d12 Force Damage to any creatures within the Vortex. The vortex is considered Difficult Terrain.,Deal an addtional 1d12 Force Damage per level.,,,X,,X
Armour of Agathys,Abjuration,Bonus,Buff,Self Only,Armour of Agathys,Until Long Rest,"Gain 6 Temporary Hit Points. While you have Temporary Hit Points, deal 6 Cold Damage to an enemy that makes a successful melee based Attack Roll against you. If the damage received affects your Hit Points then the Cold Damage will not apply.",Additional 6 Temporary Hit Points and 6 Cold Damage per level,,,,X,X
Arms of Hadar,Conjuration,Action,Curse / STR Save,3 m,Arms of Hadar,1 Turn,"Deal 1d12(+4) Necrotic Damage in a 3 m area around the caster applying a condition  that prevents creatures from using Reactions. On save, the target still takes half the damage.",Deal an addtional 1d12(+4) Necrotic Damage per level.,X,,,X,
Aura of Life,Abjuration,Action,Buff/Heal,9 m,Aura of Life,3 Turns,Apply a buff to yourself that heals 1d6 Hit Points to allies within your aura at the start of their turns. Downed allies will instead regain 1 Hit Point at the start of their turn.,Heal an additional 1d6 Hit Points per level,X,X,,,
Bane,Enchantment,Bonus,Concentration / Curse,18 m,Bane,Until Long Rest,Curse creature's with a 1d4 penalty to their Attack Rolls and Saving Throws.,"Select 1 additional target per level
",X,,,X,
Banishment,Abjuration,Action,Debuff (No Save)                               [CHA Save on Dangerous and Fatal],18 m,Banished,1 Turn,"Banish a target from this plane of existence for 1 Turn. Target is removed completely and unable to be interacted with during this time. Banished creatures gain immunity to this effect until their next Long Rest once returning. This effect applies with no Save required unless the target is a Dangerous or Fatal encounter, then a CHA Save is required.",Increase the duration of the condition by 1 Turn per level,X,,X,,
Barkskin,Transmutation,Bonus,Buff,18 m,Barkskin,Until end of a Combat Encounter,Grant a buff to a creature that reduces all Elemental Damage they would take by 1 until the end of their next combat encounter.,"Select 1 additional target and increase the Damage Reduction by 1 per level
",,X,X,,
Barrier of Holding,Abjuration,Action,STR Save,3 m,Barrier Bound,Until Long Rest,Create a 3 m area where all creatures within are unable to move. At the beginning of each of their turns they must attempt a Strength Saving Throw in order to escape. Upon a successful Saving Throw the creature gains 1 Turn of Barrier Immunity.,No additional benefits,X,,,,X
Beacon of Hope,Abjuration,Bonus,Buff,18 m,Beacon of Hope,3 Turns,Apply a condition to a target creature allowing them to regain the maximum amount of Hit Points possible when healed.,Select 1 additional target per level,X,X,,,
Blade Barrier,Evocation,Action,DEX Save,9 m,Blade Barrier,Until Long Rest,Create a damaging wall of blades that deal 1d12 Slashing damage to anyone who comes in contact with it.,Deal an additional 1d12 Slashing Damage per level.,,,,X,X
Bless,Enchantment,Bonus,Concentration,18 m,Bless,Until Long Rest,Apply a 1d4 bonus to a creature's Attack Rolls and Saving Throws.,Select 1 additional target per level,X,X,,,
Blight,Necromancy,Action,CON Save,18 m,None,None,Deal 1d12(+4) Necrotic Damage to a target creature. If the target is Undead they have Disadvantage on the Saving Throw against this Spell. On save the target still takes half the damage.,"Deal an additional 1d12(+4) Necrotic Damage per level.
",,X,,X,
Blindness,Necromancy,Bonus,CON Save,18 m,Blinded,3 Turns,"Apply a condition to target creature that causes Attack Rolls made against it to have Advantage. Additionally, the creature also attacks with Disadvantage.",Select 1 additional target per level,,X,X,,
Blink,Transmutation,Bonus,Movement,18 m,None,None,Swap places with a creature or object.,No additional benefits,,,X,,X
Blood Broker,Necromancy,Bonus,Heal,3 m,None,None,Sacrifice your own life to resurrect a companion with all of their Hit Points.,Range increases by 3 m per level,X,,,X,
Blur,Illusion,Bonus,Buff,18 m,Blurred,3 Turns,Apply a buff to target creature that causes incoming Attack Rolls to be made with Disadvantage. This spell does not affect creatures that don't rely on sight or that can see through illusions.,Select 1 additional target per level,,,X,,X
Borrowed Knowledge,Divination,Bonus,Buff,18 m,Borrowed Knowledge,3 Turns,Grant target creature a buff that gives Advantage on Skill Checks.,Select 1 additional target per level,X,,,,X
Burning Hands,Evocation,Action,DEX Save,3 m,Prone,1 Turn,Deal 1d12(+4) Fire Damage to all creatures in a 3 m cone in front of you. Affected creature's are pushed away from you by 3 m and forced Prone.,Deal an additional 1d12(+4) Fire Damage per level,,,,X,X
Call Lightning,Conjuration,Action,Concentration                          / DEX Save,18 m,Call Lightning,Until Long Rest,"Deal 1d6(+4) Lightning Damage to all creatures in a chosen 3 m area. Starting from the turn after casting this spell, so long as you remain concentrating on it, you may cast this Spell as a free action once per turn.",Deal an additional 1d6(+4) Lightning Damage  per level,X,,X,,
Calm Emotions,Enchantment,Bonus,Buff,18 m,Calmed,3 Turns,"Apply a condition to target creature that cures any form of confusion, fear, madness, provocation or rage. The creature will remain with this condition for 3 Turns thereafter giving them immunity to these statuses.",Select 1 additional target per level,X,,X,,
Catnap,Enchantment,Action,Debuff,18 m,Sleeping,3 Turns,"Cause all allies, including yourself, within 18 m of you to fall asleep. Once recovered from Sleep you regain all of your consumed class based resources. A creature may only gain the benefits on this Spell once per Long Rest. This Spell may be cast while Silenced or Muted and will not break Stealth.",No additional benefits,,X,X,,
Cause Terror,Necromancy,Action,WIS Save,18 m,Frightened          /Terrified,1 Turn,"Attempt to apply the Terrified condition to a target creature. On a successful Saving Throw, the creature will instead become Frightened.",Select 1 additional target per level,,,X,X,
Chain Lightning,Evocation,Action,Attack Roll,18 m,None,None,"Deal 1d6(+4) Lightning Damage to a target creature, bolts will leap from the target striking additional targets for 1d6(+4) Lightning Damage. This Spell may be cast while Silenced or Muted.",Deal an additional 1d6(+4) Lightning Damage and create additional forking bolts per level,X,,X,,
Charm,Enchantment,Bonus,WIS Save,18 m,Charmed,Until Long Rest,Target a creature and apply the Charmed condition to them. While charmed this creature cannot attack the Spellcaster who placed the charm and the Spellcaster has Advantage on Charisma based Ability Checks when in dialogue with the affected creature.,Select 1 additional target per level,,X,X,,
Chromatic Orb,Evocation,Action,Attack Roll,18 m,None,None,Deal 1d12(+4) Elemental Damage to a target creature. The Spellcaster is able to choose from any Element upon casting.,Deal an additional 1d12(+4) Elemental Damage per level,,,X,,X
Circle of Death,Necromancy,Action,CON Save,18 m,None,None,"Deal 1d6(+4) Necrotic Damage in a 9 m AoE. On a successful Saving Throw, targets still take half the damage.",Deal an additional 1d6(+4) Necrotic Damage per level,X,,,X,
Cloudkill,Conjuration,Action,Concentration                /CON SAVE,18 m,Cloudkill,Until Long Rest,"Creature a 3 m poisonous cloud that deals 1d6 Poison Damage, Heavily Obscures and applies the Poisoned condition to any creature within. The cloud will reset a creatures applied Poison Stacks to one.",Deal an additional 1d6 Poison Damage and create an additional cloud per level.,X,X,,,
Cloud of Daggers,Conjuration,Action,Summon/Cloud,18 m,Cloud of Daggers,3 Turns,Deal 1d12 Slashing Damage to all creatures within the 3 m cloud. A creature cannot receive damage from multiple clouds at once.,Deal an additional 1d12 Slashing Damage and create an additional cloud per level,,,,X,X
Colour Spray,Illusion,Bonus,CON Save,3 m,Blinded,3 Turns,Attempt to apply the Blinded condition to all creatures in a 3 m cone in front of you.,Range increases by 3 m per level,,,X,,X
Command,Enchantment,Action,WIS Save,18 m,Command/Disarm/Prone,1 Turn,"Attempt to command a creature to do as you say. The available choices are Halt, Approach, Drop, Flee and Grovel. In order these commands are able to cause the creature to skip their turn, move closer to the caster and end their turn, disarm themselves, flee from the caster and nothing else or grovel (Prone).",Select 1 additional target per level,X,,,X,
Compelled Duel,Enchantment,Bonus,WIS Save,18 m,Compelled Duel,3 Tuirns,Attempt to apply a condition to a creature that imbues a -5 penalty to their Attack Rolls should they choose to attack someone other than the caster.,Select 1 additional target per level,X,,,X,
Cone of Cold,Evocation,Action,CON Save,9 m,None,None,"Deal 1d6(+4) Cold Damage to all creatures in a 9 m cone in front of you. On a successful Saving Throw, targets still take half the damage.",Deal an additional 1d6(+4) Cold Damage per level,,X,,,X
Confusion,Enchantment,Action,WIS Save,18 m,Confused,3 Turns,Attempt to apply a condition that may cause the affected creature to skip their turn.,Select 1 additional target per level,,,X,X,
Conjure Barrage,Conjuration,Action,Attack Roll,3 m,None,None,Deal your Weapon Damage to all creatures in a 3 m cone in front of you.,Range increases by 3 m per level,,X,,X,
Contagion,Necromancy,Bonus,CON Save,18 m,Festering Rot,6 Turns,Attempt to apply a condition to target creature which cauyses them to have Disadvantage on Constitution based Ability Checks and Saving Throws and make them unable to use their armours Physical Damage Reduction. If this condition is allowed to expire naturally then the affected creature becomes Vulnerable to all damage for 1 Turn.,Decreases the duration of the condition by 1 Turn per level,,X,,X,
Counterspell,Abjuration,Reaction,Counter,18 m,None,None,Counter an enemies Spell or Cantrip causing their Spell or Cantrip to fizzle out. The Spell Slot you expend to cast this Spell must be greater than the Spell Slot spent by the enemy caster. Dangerous and Fatal foes cannot be countered.,Counter higher level spells,,,X,,X
Create or Destroy Water,Transmutation,Bonus,Debuff/Surface,18 m,Wet,3 Turns,Rain down water onto all creatures in a 3 m area. You may also choose to instead destroy any water-based surfaces in a 3 m area.,Area increases by 3 m per level,X,X,,,
Crown of Madness,Enchantment,Action,WIS Save,18 m,Crown of Madness,3 Turns,Attempt to apply a condition to a target creature causing them to be hostile to both allies and enemies alike.,Select 1 additional target per level,,,X,X,
Crusader's Mantle,Evocation,Bonus,Concentration,Self Only,Holy Mantle/ Blasphemous Mantle,Until Long Rest,Apply a buff to yourself that causes you to deal an additional +2 Radiant or Necrotic Damage to any Damage you deal.,Increase the Radiant or Necrotic Damage by +2 per level,X,X,,,
Cure Wounds,Evocation,Action,Heal,Melee,None,None,Heal a target creature by 1d12(+8) Hit Points.,Heal an additional 1d12(+8) Hit Points per level,X,X,,,
Darkness,Evocation,Bonus,Concentration,18 m,Blinded,Whilst on Surface,Create a 3 m cloud of Darkness over a targeted area that Heavily Obscures and Blinds creatures within. Ranged attacks cannot be made into or out of the Darkness.,Area increases by 3 m per level,,X,,X,
Darkvision,Transmutation,Bonus,Buff,18 m,Darkvision,Until Long Rest,"Grant a creature the condition Darkvision allowing them to see in the dark, magical or otherwise, to a range of 18 m.",Select 1 additional target per level,,X,X,,
Daylight,Evocation,Bonus,Light,18 m,Daylight,Until Long Rest,"Summon a sphere of pure sunlight which wards off all darkness, magical or otherwise, within an 18 m radius of itself.",No additional benefits,X,X,,,
Death Ward,Abjuration,Bonus,Buff,18 m,Death Ward,3 Turns,Apply a condition to a allied non-summoned creature that causes them to regain 1 Hit Point when downed. Effects which trigger on killing blows can still trigger if Death Ward is active.,Select 1 additional target per level,X,,,,X
Destructive Wave,Evocation,Action,CON Save,3 m,Prone,1 Turn,Deal 1d12(+4) Thunder Damage in a 3 m area around yourself and potentially knock affected creatures Prone.,Deal an additional 1d12(+4) Thunder Damage per level,,,X,,X
Detect Thoughts,Divination,Bonus,Buff,Self Only,Detect Thoughts,Until Long Rest,Grant yourself the ability to be able to read the thoughts of other creatures. This adds extra dialogue options on conversations.,No additional benefits,,,X,,X
Dimension Door,Conjuration,Action,Movement,3 m,None,None,Teleport yourself and up to 1 other ally within 3 m to a place you can see. The ally cannot be larger than Medium in size.,Range increases by 3 m per level,,,X,,X
Disintegrate,Transmutation,Action,DEX Save,18 m,None,None,"Deal 1d12(+12) Force Damage to a target creature. On a successful Saving Throw,  the caster will instead take half of the damage that would have been dealt.",Deal an additional 1d12(+12) Force Damage per level,,,X,X,
Dispel Evil and Good,Abjuration,Bonus,Concentration,18 m,Dispel Evil and Good,Until Long Rest,"Apply a buff to yourself that causes Aberrations, Celestials, Elementals, Fey, Fiends and Undead to have Disadvantage when making Attack Rolls against you. You may also use your Bonus Action to cleanse a creature that is Charmed, Frightened or Possessed.",Select 1 additional target per level,X,,,X,
Dispel Magic,Divination,Bonus,Debuff,3 m,Silenced,3 Turns,Apply the Silenced condition to any nearby creatures that have Spell Slots.,Increases Area size by 3m per level,,,X,,X
Dissonant Whispers,Enchantment,Action,WIS Save,18 m,Frightened,1 Turn,"Deal 1d12(+4) Psychic Damage to a target creature, potentially Frightening them.",Deal an additional 1d12(+4) Psychic Damage per level,,,X,X,
Divine Favor,Transmutation,Bonus,Buff,18 m,Divine Favour,3 Turns,Enchant a weapon causing it to deal an additional 1d4 Radiant Damage.,Select 1 additional target per level,X,,,X,
Divine Strike,Evocation,Action,DEX Save,18 m,Radiating Orb,3 Turns,Deal 1d6(+4) Radiant Damage in a 3 m area and possibly afflict each target with 3 stacks of Radiant Orb.,Deal an additional 1d4(+4) Radiant Damage per level,X,,,X,
Dominate,Enchantment,Action,Concentration                   / WIS Save,18 m,Dominated,Until Long Rest,Apply the Dominated condition to a creature causing them to fight alongside you. Should the affected creature take damage from you or your allies they will break free from the condition. Dangerous and Fatal foes cannot be Dominated.,No additional benefits,,,X,X,
Earth Tremor,Transmutation,Action,DEX Save,3 m,Prone,1 Turn,Deal 1d12(+4) Bludgeoning Damage in a 3 m area around yourself. This also causes Difficult Terrain and possibly knocks affected creatures Prone. On a successful Saving Throw the target still takes half the damage.,Deal an additional 1d12(+4) Bludgeoning Damage per level,,X,,,X
Elemental Weapon,Transmutation,Bonus,Enchantment,18 m,Elemental Weapon,Until Long Rest,Enchant a weapon causing it to deal an additional 2 Elemental Damage. You may choose from any Element upon casting.,Select 1 additional target per level,,X,X,,
Enhance Ability,Transmutation,Bonus,Concentration,18 m,Enhance Ability,Until Long Rest,Apply a buff to a targeted creature giving them Advantage on Saving Throws of their chosen Ability. This buff also increases the chosen stat by 2.,Select 1 additional target per level,X,X,,,
Enhanced Leap,Transmutation,Bonus,Buff,3 m,Enhanced Leap,3 Turns,"Double the possible Jump distance of yourself and all allies within 3 m of you. While this buff is active, the Jump action will no longer cost a Bonus Action.",Increases Area size by 3m per level,,X,,,X
Enlarge/Reduce,Transmutation,Bonus,Buff/Debuff (CON Save),18 m,Enlarged/Reduces,3 Turns,Apply either a buff or debuff of your choosing to a targeted creature. You may choose to cause a creature to become Enlarged or Reduced.,Select 1 additional target per level,,,X,,X
Ensnaring Strike,Conjuration,Action,STR Save,Melee,Ensnared,3 Turns,Deal your Weapon Damage to a targeted creature and possible Ensnare them. This Spell may use either your Melee or Ranged Weapon.,Cause the Ensnared Condition to deal an additional 1d6(+4) Piercing Damage per level,,X,,X,
Ensnaring Trap,Abjuration,Bonus,DEX Save,18 m,Restrained,1 Turn,Place two traps on the ground. If a creature steps on one of the traps they are immediately Restrained.,Place 2 additional traps per level,,X,,X,
Entangle,Conjuration,Action,Concentration /            STR Save,18 m,Restrained,1 Turn,Create a 3 m surface of vines that can inflict the Entangled condition.,Increases Area size by 3m per level,,X,X,,
Enthrall,Enchantment,Bonus,Debuff,18 m,Enthralled,Until Long Rest,Apply a condition to target creature lowering their sight cone. This Spell may be cast while Silenced or Muted and will not break Stealth.,Select 1 additional target per level,,,X,,X
Erupting Earth,Transmutation,Action,CON Save,18 m,Mud,Permanent,"Deal 1d6(+4) Bludgeoning Damage in a 3 m area around you, leaving behind mud. On a successful Saving Throw, the target still takes half the damage. This Spell may be cast while Silenced or Muted.",Deal an additional 1d6(+4) Bludgeoning Damage per level,,X,X,,
Evard's Black Tentacles,Conjuration,Action,Concentration /            STR Save,18 m,Smothered,1 Turn,Create a 3 m area of black tentacles that count as Difficult Terrain and Smothers creatures within. ,Increases Area size by 3m per level,,,X,X,
Expeditious Retreat,Transmutation,Bonus,Buff,18 m,Dash & Disengage,3 Turns,Apply a buff that grants a creature the effects of Dash and Disengage.,Select 1 additional target per level,,,,X,X
Eyebite,Necromancy,Bonus,WIS Save,18 m,Sleeping,1 Turn,Attempt to apply a condition to a target creature causing them to fall asleep. ,Select 1 additional target per level,,,X,X,
Faerie Fire,Evocation,Bonus,DEX Save,18 m,Faerie Fire,3 Turns,Apply a debuff to all enemies in a chosen 3 m area that causes all Attack Rolls made against them to be made with Advantage. They are also unable to utilize their armours Damage Reduction.,Increases Area size by 3m per level,X,,X,,
False Life,Necromancy,Bonus,Buff,Self Only,False Life,"Until end of a Combat Encounter
",Increase your Maximum Hit Points by 4 until the end of your next combat encounter.,Increase your Maximum Hit Points by 4 per level,X,,,X,
Fit of Terror,Illusion,Action,WIS Save,3 m,Terrified,1 Turn,Attempt to force creatures in a 3 m cone in front of you into a fit of Terror.,Increases Area size by 3m per level,,,X,X,
Featherfall,Transmutation,Bonus,Buff,3 m,Feather Fall,3 Turns,Grant yourself and all allies within 3 m of you Immuinity to Fall Damage.,Increases Area size by 3m per level,X,,,,X
Feign Death,Necromancy,Bonus,WIS Save,3 m,Feigning Death,3 Turns,"Put all non-hostile/non-allied creatures within 3 m of the caster into a magical coma. They cannot act and have Resistance too all damage as well as status immunity to all forms of disease and poison. On a successful Saving Throw, the target instead takes 1d6(+4) Psychic Damage.",Deal an additional 1d6(+4) Psychic Damage per level,X,,X,,
Feline Bombardment,Conjuration,Bonus,Summon,Self Only,Feline Bombardment,Until Long Rest,Upon landing a kill blow summon a Blazing Bombadier. These cats are able to cast Blazing Bombardment which deals 1d12 Fire Damage in a 3 m area around them. These cats take 1d4 Fire Damage at the end of each of their turns. They also cast Blazing Bombardment upon death.,Increases the damage of Blazing Bombardment by 1d12 Fire Damage per level,,X,X,,
Find Familiar,Conjuration,Bonus,Summon,18 m,Multiple                     [See Ranger],Until Long Rest,Summon 2 fey spirits that take an animal form of your choosing.,Summon an additional 2 familiars per level,,X,,,X
Fireball,Evocation,Action,DEX Save,18 m,Burning,3 Turns,Deal 1d6+4 fire dmg in a large AOE and burn targets until Helped on failed save On Save: Half damage,Deal 1d6+4 dmg/level,,,X,,X
Fire Shield,Evocation,Bonus,Buff,Self Only,Fire Shield,3 Turns,You become resistant to Cold dmg and deal 1d6 fire dmg when someone attack you in melee range (even if they miss),Deal 1d6 dmg/level,,,X,X,
Flame Arrows,Transmutation,Bonus,Buff,Self Only,Flame Arrows,Until Long Rest,Create 6 flaming arrows. They deal +1d4 fire dmg per ranged attack. On short rest restoration.,Create +6 arrows/level,,X,,X,
Flaming Armament,Evocation,Bonus,Enchantment,18 m,Flaming Armament,3 Turns,"All weapons in a 3m radius around the caster deal +2 fire damage on hit. If dual wielding, affect both weapons. Spells and Cantrips that improves weapons can't stack with each others.",Deal +2 dmg/level,,,X,X,
Flaming Sphere,Conjuration,Bonus,Concentration /                            DEX Save,18 m,Flaming Sphere,Until Long Rest,Create a flaming sphere doing 1d6 fire dmg/round On Save: half damage,Deal 1d6 dmg/level,,X,X,,
Flesh to Stone,Transmutation,Action,CON Save,18 m,Flesh to Stone,6 Turns,"At the end of each turn, target make a save. After 6 turns, become petrified permanently. Your target has disadvantage on DEX save.",Reduce duration by 1 turn/level,,,X,X,
Fog Cloud,Conjuration,Bonus,Concentration,18 m,Blinded,Whilst on Surface,"Create a fog cloud, which blind and obscure creatures inside. 2m AOE.",Increase AOE by 2m/level,,X,,,X
Freedom of Movement,Abjuration,Bonus,Buff,18 m,Freedom of Movement,3 Turns,Snap an ally our of any stun. Target ignore difficult terrain and can't be paralysed or restrained,Select 1 additional target per level,,X,,,X
Frost Fingers,Evocation,Action,Attack Roll,Melee,None,None,"Deal 1d12+8 cold dmg (melee range) and if target is Wet, apply 3 stacks of Frostbite and roll an additional dice",Deal 1d12+8 dmg/level,,,,X,X
Frostflame Armaments,Evocation,Bonus,Buff /                                DEX Save,Self Only,Frostflame Armament,3 Turns,"When you deal a killing blow with a weapon, deal 1d12 fire dmg and 1d12 cold dmg to Enemies in a 3m AOE",Deal 1d12 cold and 1d12 fire dmg/level,X,,,X,
Globe of Resistance,Abjuration,Action,Buff,18 m,Globe of Resistance,1 Turn,Create a barrier. Everyone inside is Resistant to all damage,Increase duration by +1 turn/level,X,,,,X
Goodberry,Transmutation,Bonus,Potion,18 m,Goodberry,Until Long Rest,Create 4 berries in a target inventory. They heal for 1d12*prof each. Disappear after long rest,Select 1 additional target per level,X,X,,,
Grant Flight,Transmutation,Bonus,Buff,18 m,Flight,3 Turns,Target creature can fly,Select 1 additional target per level,,X,X,,
Grasping Vine,Conjuration,Bonus,Summon /                               STR Save,18 m,Grasping Vine,3 Turns,Summon a vine. It can dragg creatures toward itself,Summon +1 vine/level,,X,,X,
Grease,Conjuration,Bonus,Surface /                      DEX Save,18 m,Prone,1 Turn,Create a 2m AOE surface slowing creatures (no save) and knocking them prone on failed save,Increase AOE by 2m/level,,,X,,X
Great Cleanse,Abjuration,Bonus,Dispel,18 m,None,None,"Cure Charm, Petrification, Polymorph or Curse (18m range) on target",Select 1 additional target per level,X,X,,,
Greater Escape,Illusion,Bonus,Buff,18 m,Greater Escape,1 Turn,Target creature will be ignored by enemies for 1 turn. Cannot be cast on the same creature for 3 turns afterwards.,Select 1 additional target per level,,,,X,X
Guardian of Faith,Conjuration,Bonus,Summon,18 m,Guardian of Faith,3 Turns,"Create an immobile guardian with 50 HP. Every time it attacks, it loses the same amount of HP (12 per hit).",Increase Guardian attack range by 3m/level,X,,,X,
Guiding Bolt,Evocation,Action,Attack Roll, 18 m,None,None,"Deal 1d12+4 radiant damage on target , 18m range. Deal double damage to fey, fiends and undeads",Deal 1d12+4 dmg/level,X,,,X,
Guiding Ceremony,Divination,Bonus,Concentration,9 m,Guiding Ceremony,Until Long Rest,All allies in a 9m AOE have +1d4 to all ability checks,Increase dice size,X,X,,,
Gust of Wind,Evocation,Bonus,STR Save,9m,Prone,1 Turn,"Clear all clouds and push back all targets around you 3m, inflicting Prone with no save",Increase pushback by 3m/level,,X,,,X
Hail of Thorns,Conjuration,Action,Attack Roll /                           DEX Save,18 m,None,None,Deal weapon dmg +1d6+4 piercing dmg to all creatures within 3m of the target,Deal 1d6+4 dmg/level,,X,,X,
Harm,Necromancy,Action,CON Save,18 m,None,None,1d12 +4 dmg 18m range On Save: half damage. Heal Undead creatures,Extra ray/level,X,X,,,
Haste,Transmutation,Bonus,Buff,18 m,Hastened,3 Turns,Target creature become hastened. Hastened actions generate Exhaustion. Exhaustion is also generated by damage and passively at start of each turn. All attack rolls are rolled advantage againts Exhausted target. At ten stack of exhaustion target immediately fall unconscious.,Select 1 additional target per level,X,X,,,
Healing Glyph,Evocation,Bonus,Concentration,Melee,Healing Glyph,Until Long Rest,Heal 1d20+4 on target when concentration is broken,Heal 1d20+4/level,X,X,,,
Healing Spirit,Conjuration,Bonus,Concentration,18 m,Healing Spirit,Until Long Rest,Summon a familiar. It can heal an ally for 1d12 once/turn,Heal 1d12/level,X,X,,,
Healing Word,Evocation,Bonus,Heal,18 m,None,None,"Heal 1d6+4, 18m range",Heal 1d6+4/level,X,X,,,
Heat Metal,Transmutation,Action,CON Save,18 m,None,None,"Deal 1d6+4 fire dmg on target, 18m range. Deal +1d6+4 dmg for each piece of metal equipment",Deal 1d6+4 dmg/level,,,X,X,
Hellish Rebuke,Evocation,Reaction,DEX Save,9 m?,None,None,"Deal 1D12+4 fire dmg, reaction on attack",Deal 1d12+4 dmg/level,X,,,X,
Heroes' Feast,Conjuration,Bonus,Camp Supplies,18 m,Feast Supplies,Until Long Rest,Summon some camp supplies,No additional benefits,X,X,,,
Heroism,Enchantment,Bonus,Buff,18 m,Heroism,3 Turns,Target creature gain 4 temporary HP each turn and can't be Frightened,Gain +4 HP/level,X,,,X,
Hex,Enchantment,Bonus,Debuff,18 m,Hex,3 Turns,Target creature has Disadvantage on Saving Throws for an ability of your choosing,Select 1 additional target per level,X,,,X,
Hold Creature,Enchantment,Action,WIS Save,18 m,Hold Creature,1 Turn,Target creature can't act on failed save. Attacks made against them within 3m will always be critical hit. Target breaks free after 1 attack.,Select 1 additional target per level,X,,X,,
Hunger of Hadar,Conjuration,Action,Concentration /                   DEX Save,18 m,Hunger of Hadar,Until Long Rest,"Create a large AOE blinding creatures inside. They take 1d6 cold damage on failed save when they start their turn inside, they take 1d6 acid damage on failed save when ending their turn inside",Deal 1d6 cold and 1d6 acid/level,,,,X,X
Hunter's Mark,Divination,Bonus,Debuff,18 m,Hunter's Mark,3 Turns,"When damaging the target with your weapon, roll your damage dice with advantage",Select 1 additional target per level,,X,,X,
Hypnotic Pattern,Illusion,Action,Concentration /                    WIS Save,18 m,Hypnotised,Until Long Rest,Target creature can't move or notice your presence on failed save,Select 1 additional target per level,,,X,,X
Ice Knife,Conjuration,Action,Attack Roll /                           DEX Save,18 m,None,None,Deal 1d12+4 cold damage.On hit another projectile will spawn from target which seeks out another enemy within 9m. Splinter will do 5-10 cold damage. On Save: half damage,Deal 1d12+4 dmg(splinter 1d6+4)/level,,,X,,X
Ice Storm,Evocation,Action,Conjuration /                      DEX Save,18 m,None,None,"Deal 1d6+4 cold damage in a 3m AOE. Create an icy surface and apply 3 turns of Frigid. On Save: half damage. Every subsequent turn while you maintain concentration, you can recast the spell as a free action.",Deal 1d6+4 dmg/level,,,,X,X
Inflict Wounds,Necromancy,Action,Attack Roll,Melee,Crippled,1 Turn,Deal 1d12+4 poison damage on hit (melee range) and Cripple target (no save),Deal 1d12+4 dmg/level,X,,,X,
Internal Fortress,Abjuration,Bonus,Buff,18 m,Internal Fortress,Until the end of your next combat encounter,Target creature gain 1 Physical Damage Reduction,Gain +1 DR/level and select +1 target/level,,,X,,X
Insect Plague,Conjuration,Action,CON Save,18 m,Bleeding /             Gaping Wounds,1 Turn,Cover a 9 m area in Locusts that will attack all within it's domain. Creatures who enter may receive the conditions Bleeding and/or Gaping Wounds depending on their CON Save.,No additional benefits,,X,,X,
Invisibility,Illusion,Bonus,Concentration,18 m,Invisible,Until Long Rest,Target become Invisible,Select 1 additional target per level,,,X,,X
Kinetic Permeation,Transmutation,Bonus,Buff,3 m,Permeable,Until Long Rest,All creatures in a 3m AOE become Permeable (can be moved through),Increase AOE by 3m/level,,,X,,X
Knock,Transmutation,Bonus,Lockpick,18 m,None,None,Unlock an object,Select 1 additional target per level,,,X,,X
Latent Restoration,Abjuration,Bonus,Dispel,18 m,None,None,"Cure a creature from any disease, poison, paralysis, intoxication or blindness",Select 1 additional target per level,X,X,,,
Lightning Arrow,Transmutation,Action,Attack Roll /                           DEX Save,18 m,Lightning Charges,1 Turn,"Deal 1d6+4 lightning dmg in a small AOE, 18m range. Gain a stack of Lightning Charge for every target you damage",Deal 1d6+4 dmg/level,,X,,X,
Lightning Bolt,Evocation,Action,DEX Save,18 m,Shocked,3 Turns,Deal 1d6+4 lightning damage in a huge line On Save: half damage,Deal 1d6+4 dmg/level,,,X,,X
Longstrider,Transmutation,Bonus ,Buff,3 m,Longstrider,3 Turns,All allies in a 3m AOE have +9m Movement speed,Increase AOE by 3m/level,,X,,,X
Mage Armour,Abjuration,Bonus,Concentration,18 m,Mage Armour,Until Long Rest,Target gain a flat AC bonus equal to 1 per level.,Select +1 target/level and +1 AC/level,,,X,,X
Magic Missile,Evocation,Action,Attack,18 m,None,None,"Shoot 3 darts, each dealing 1d4 force damage. Auto hit.",Each dart deals + 1d4 force damage,,,X,,X
Magic Weapon,Transmutation,Bonus,Enchantment,18 m,Magic Weapon,Until Long Rest,Target weapon receive +2 dmg and attack rolls. Spells and Cantrips that improves weapons can't stack with each others.,Select +1 target/level,,,X,,X
Mass Cure Wounds,Evocation,Action,Heal,3 m,None,None,Heal 1d12+4 in a 3m AOE around you,Increase AOE by 3m/level and heal by 1d12/level,X,X,,,
Mass Healing Word,Evocation,Bonus,Heal,9 m,None,None,Heal 1d6+4 in a 9m AOE around you,Increase AOE by 3m and heal by 1d6/level,X,X,,,
Maximilian's Earthen Grasp,Transmutation,Action,STR Save,18 m,Restrained,3 Turns,Deal 1d12+4 bludgeoning dmg and Restrain target on save On Save: half damage,Deal 1d12+4/level,,X,X,,
Melf's Acid Arrow,Evocation,Action,Attack Roll,18 m,Melf's Acid Arrow,3 Turns,"Deal 1d12+4 acid dmg on hit, and 1d12+4 acid dmg 3 turns later",Deal +1d12+4 dmg/level (both),,,X,X,
Melf's Minute Meterors,Evocation,Bonus,DEX Save,18 m,Melf's Minute Meteors,Until Long Rest,Summon 6 meteors. You can throw them for 1d12+4 fire dmg in a small AOE (1.5m) On short rest meteors are restored back.,Summon +6 meteor/level,,,X,,X
Mind Spike,Divination,Action,Concentration /              INT Save,18 m,Mind Spike,Until Long Rest,"Deal 1d12+4 psychic dmg. Every round, you can deal the same amount of damage.",Deal 1d12+4 dmg/level,,,,X,X
Mirror Image,Illusion,Bonus,Buff,Self Only,Mirror Image,3 Turns,"Increase AC by 6. Each time you evade a hit, decrease AC by 2.",No additional benefits,,,X,,X
Misty Step,Conjuration,Bonus,Movement,18 m,None,None,Teleport 18m,No additional benefits,,,,X,X
Moonbeam,Evocation,Action,CON Save,18 m,Moonbeam,3 Turns,Deal 1D12 radiant damage to any creature in a 3m AOE. Can move the AOE each turn with bonus action,Deal 1d12 dmg/level,,X,,X,
Nathair's Mischief,Illusion,Bonus,Debuff,18 m,Nathair's Mischief,1 Turn,Target experience a Wild Magic effect at the start of each turn,Select 1 additional target per level,,,,X,X
Otiluke Freezing Sphere,Evocation,Action,CON Save,18 m,Frozen,1 Turn,Freeze a creature solid,,,,X,X,
Otiluke Resilient Sphere,Evocation,Action,Concentration /                            DEX Save,3 m,Otiluke's Resilient Sphere,Until Long Rest,"Enclose a target in a sphere, make it invulnerable but unable to deal agressive actions. Save each round. Reduce movement speed by half. 3m range. Target cannot be huge size.",Increase range by 3m/level,X,,,,X
Otto's Irresistible Dance,Enchantment,Action,Curse,18 m,Otto's Irrestistible Dance,3 Turns,"Cause a create to receive a condition that leaves them unable to take actions, move or utilize their armours Damage Reduction. Attackers have Advantage on Attack Rolls against this creature. The condition will transfer to any creature that attack's the affected entity. No save required on application, at the start of the affected creature's they may end the condition early with a successful WIS Save.",Select 1 additional target per level,,,,X,X
Pass Without Trace,Abjuration,Bonus,Buff,18 m,Pass Without Trace,3 Turns,Target get a +20 bonus to Stealth checks,Select 1 additional target per level,X,,,X,
Phantasmal Force ,Illusion,Action,Concentration / INT Save / Curse,18 m,Phantasmal Force,Until Long Rest,Deal 1d12 dmg/round each round on failed save. Damage changes to last type target suffered.,Select 1 additional target per level,,,,X,X
Phantasmal Killer,Illusion,Action,Curse / WIS Save,18 m,Phantasmal Killer,3 Turns,"Deal 1d6 psychic dmg each turn, target movement is halfd. Save at the end of each round",Deal 1d6 dmg/level,,,,X,X
Plant Growth,Transmutation,Action,Surface,18 m,Plant Growth,Permanent,Create a 3m AOE surface of very difficult terrain (Movement speed quartered),Increase AOE by 3m/level,,X,,X,
Polymorph,Transmutation,Action,Debuff / WIS Save,18 m,Polymorphed,3 Turns,"Transform a creature into a harmless sheep. If health drop to 0, it transforms back",Select 1 additional target per level,,X,X,,
Prayer of Healing,Evocation,Action,Heal,18 m,None,None,"Outside of combat, heal all allies for 12 9m AOE",Heal for 12/level,X,X,,,
Power Over Evil & Good,Abjuration,Bonus,Concentration,18 m,Power Over Evil & Good,Until Long Rest,"When attacking Undeads, Abberations, Celestials, Elemental, Feys, Fiends you roll both damage and attack roll with advantage.",Select 1 additional target per level,X,X,,,
Ray of Enfeeblement,Necromancy,Action,Curse / CON Save,18 m,Feeble,3 Turns,"On hit, target creature deal half damage with all weapon attacks. ",Select 1 additional target per level,,,,X,X
Ray of Sickness,Necromancy,Action,Attack Roll / CON Save,18 m,Poisoned,1 Turn,"Deal 1d12+4 poison dmg, 18m range, and poison target on failed save",additional ray/level,,X,,X,
Psionic Antagonism,Enchantment,Action,WIS Save,18 m,Psionic Antagonism,1 Turn,Deal 1d6+4 psychic dmg in a large AOE and prevents reaction on failed save On Save: half damage,Deal 1d6+4 dmg/level,,,,X,X
Remediation,Abjuration,Action,Concentration,18 m,Remediation,Until Long Rest,Remove all Curses and Hexes on target,Select 1 additional target per level,X,,X,,
Revivify,Necromancy,Action,Revive,3 m,None,None,"Revive a dead companion with 1 HP, 3m range",Increase range by 3m/level,X,X,,,
Rime's Binding Ice,Evocation,Action,CON Save,18 m,Rime's Binding Ice,1 Turn,"Deal 1d6+4 cold damage in a large area, and reduce movement speed by half on failed save",Deal 1d6+4 dmg/level,,,X,X,
Sanctuary,Abjuration,Bonus,Buff,18 m,Sanctuary,3 Turns,Target can't be targeted. End if target harm another creature or attack,Select 1 additional target per level,X,X,,,
Scorching Ray,Evocation,Action,Attack Roll,18 m,Heat,1 Turn,"Shoot 1 rays,  dealing 1d12+4 fire damage on hit. Gain 3 stack of Heat for every target you hit",Shoot 1 more rays/level,,,,X,X
See Invisibility,Divination,Bonus,Buff,18 m,See Invisibility,Until Long Rest,Reveal invisible tragets around you if they fail a DEX save,Select 1 additional target per level,X,,X,,
Shadow Blade,Illusion,Bonus,Weapon,Self Only,Shadow Blade,Until Long Rest,"Illusion Blade 1d12 Psychic damage, builtin Spellbound Empowerment. In Heavily Obscured area, has advantage on damage.",No additional benefits,X,,X,,
Shatter,Evocation,Action,CON Save,18 m,Muted,1 Turn,"Deal 1d6+4 thunder damage in a large AOE around you, and silence targets on failed save",Deal 1d6+4 dmg/level,,,X,X,
Shield,Abjuration,Reaction,Buff,Self Only,Shield, 1 Turn,Increase AC by 4 for this turn and become immune to Force dmg,No additional benefits,,,,X,X
Shield of Faith,Abjuration,Bonus,Buff,18 m,Shield of Faith,3 Turns,Increase target's AC by 2,Select 1 additional target per level,X,,,,X
Silence,Illusion,Action,Concentration,18 m,Silenced,Until Long Rest,"Create an area silencing everyone inside, and making them immune to Thunder dmg",Increase AOE by 3m/level,X,,X,,
Sleepveil,Enchantment,Bonus,WIS Save,3 m,Sleeping,1 Turn,Every creature in a 3m AOE around you are put to sleep on failed save,Increase AOE by 3m/level,,X,X,,
Sleet Storm,Conjuration,Action,CON Save,18 m,Sleet Storm,3 Turns,Disrupt concentration on failed save in huge area. Douses fires,No additional benefits,,X,X,,
Slow,Transmutation,Action,WIS Save,18 m,Slowed,3 Turns,"Targets in a wild AOE have Half movement speed, -2 to AC, cannot use reactions or make more than 1 attack per turn and Disadvantage on DEX Saves.",Select 1 additional target per level,X,,X,,
Snilloc's Snow Storm,Evocation,Action,CON Save,3 m,Frostbite,3 Turns,"Deal 1d12+4 cold damage in a 3m area around you. If target is Wet, apply 3 stacks of Frostbite. On Save: half damage",Deal 1d12+4 dmg/level,,X,X,,
Speak with Animals,Divination,Bonus,Buff,Self Only,Speak with Animals,Until Long Rest,Gain the ability to speak with cartoon dogs and the like.,No additional benefits,,X,,X,
Speak with Dead,Necromancy,Bonus,Buff,Self Only,Speak with Dead,Until Long Rest,Gain the ability to speak with certain corpses.,No additional benefits,X,,,X,
Spew Acid,Evocation,Action,DEX Save,3 m,Acid,1 Turn,"Deal 1d12+4 acid damage in a 3m cone AOE in front of you, and afflicts targets with Acid  (-2 AC) on failed save",Deal 1d12+4 dmg/level,,,X,,X
Spike Growth,Transmutation,Action,Concentration,18 m,Spike Growth,Until Long Rest,"Create a 3m AOE surface of spikes. Everyone passing by takes 1d12 piercing dmg by 1,5m it moves",Increase AOE by 3m/level,,X,,X,
Spirit Guardians,Conjuration,Action,Concentration,3 m,Spirit Guardians,Until Long Rest,Deal 1d12 radiant OR necrotic damage to every enemies around you when you end your turn and they are inside the area,Deal 1d12 dmg/level,X,,,X,
Spiritual Shroud,Necromancy,Bonus,Concentration,Self Only,Spiritual Shroud,Until Long Rest,Deal 1d12 cold damage to anyone missing you (melee or ranged),Deal 1d12 dmg/level,X,,,X,
Spiritual Weapon,Evocation,Bonus,Summon,18 m,Spiritual Weapon,Until the end of your next combat encounter,Summon a weapon dealing 1d12 force damage on hit,Summon +1 weapon/level,X,,,,X
Stoneskin,Abjuration,Bonus,Buff,18 m,Stoneskin,3 Turns,Target becomes Resistant to all Physical damage,Select 1 additional target per level,,X,,,X
Sunbeam,Evocation,Action,CON Save,18 m,Blinded,1 Turn,Deal 1d6+4 radiant damage in a line and blind all targets on save fail. Can cast the spell again (weakened) without expending a spell slot (free action) On Save: half damage,Deal 1d6+4 dmg/level,X,X,,,
Tasha's Caustic Brew,Evocation,Action,DEX Save,9 m,Acid,3 Turns,Deal 1d6+4 Acid damage in a large line and apply acid for 3 turns. On Save: half damage,Deal 1d6+4 dmg/level,,,,X,X
Tasha's Hideous Laughter,Enchantment,Action,WIS Save,18 m,Prone,1 Turn,Target creature is prone and can't act. Save at the end of each turn. Laughter targets now attempt a save when taking damage.,Increase duration by 1 turn/level,,,,X,X
Telekinesis,Transmutation,Bonus,STR Save,18 m,None,None,Throw a creature or object up to 18m. Range to target is 3m.,Increase targetting range by 3m/level,,,X,,X
Thunderwave,Evocation,Action,CON Save,3 m,Reverberation,3 Turns,"Deal 1d12+4 in a 3m cone AOE, Inflicts Reverberate and push back targets 9m on failed save. On Save half damage",Deal 1d12+4 dmg/level,,,X,,X
Thunder Step,Evocation,Action,CON Save,18 m,None,None,Teleport up to 18m and deal 1d6+4 Thunder damage in a small AOE when you appears,Deal 1d6+4 dmg/level,,,X,X,
Transposition,Conjuration,Bonus,CHA Save,18 m,None,None,Forcibly teleport another creature to an area you can see on failed save,No additional benefits,X,,X,,
Unseen Servant,Conjuration,Bonus,Summon,18 m,Distracted,1 Turn,Summon an invisible servant. Can interact with the environment,No additional benefits,X,,,,X
Vampiric Touch,Necromancy,Action,Attack Roll,Melee,None,None,"On melee hit, deal 1d12+4 necrotic damage and regain half as many HP",Deal 1d12+4 dmg/level,X,,,X,
Vitriolic Touch,Evocation,Action,Attack Roll,Melee,Acid,3 Turns,"On melee hit, deal 1d12 +4 acid damage and lower AC by 2",Deal 1d12+4 dmg/level,X,,X,,
Wall of Fire,Evocation,Action,DEX Save,9 m,None,3 turns,Create a wall of fire that deals 1d12 Fire Damage to any creature who dares to get too close.,"Deal 1d12 dmg/level, +1.5m/level",,,X,,X
Wall of Ice,Evocation,Action,No Save,9 m,Frozen,1 Turn,"Create a wall made of solid ice that lasts until long rest or until broken. Once broken, frigid air seeps out of the wall and halfs the Movmement Speed of all creatures within. Creatures may also be Frozen for 1 Turn.",Wall increases by 1.5m/level,X,,X,,
Wall of Stone,Evocation,Bonus,None,9 m,None,3 turns,Raise a wall of solid stone,Wall increases by 1.5m/level,,X,,,X
Wall of Thorns,Conjuration,Action,None,9 m,Wall of Thorns /              Off Balance,Whilst on Surface,Raise a wall of thorns. Creatures passing by the wall are Off-Balanced and Movement Speed is quartered,Wall increases by 1.5m/level,,X,,,X
Ward of Vitality,Evocation,Bonus,Buff,18 m,Ward of Vitality,3 Turns,Target gains Advantage on all Saving Throws,Select 1 additional target per level,X,X,,,
Warding Bond,Abjuration,Bonus,Buff,18 m,Warding Bone,Until the end of your next combat encounter,"Target gain Resistance to ALL damage. When the ally takes damage, you take the same amount",Select 1 additional target per level,X,X,,,
Warding Winds,Evocation,Bonus,Concentration,3 m,Warding Winds,Until Long Rest,"Clear clouds in 3m radius, create difficult terrain, ranged attacks against creatures inside are rolled with Disadvantage",No additional benefits,,X,,,X
Water walk,Transmutation,Bonus,Concentration,3 m,Water Walk,Until Long Rest,Every ally in a 3m AOE around you ignore surfaces,Increase area by 3m/level,,X,,,X
Web,Conjuration,Bonus,Concentration /                      STR Save,18 m,Enwebbed,1 Turn,"Create a 3m AOE surface, enwebs targets on save",Increase AOE by 3m/level,,X,,,X
Wind Walk,Transmutation,Bonus,Buff,3 m,Gaseous Form,Until Long Rest,"Transform yourself and nearby allies in mist. Become Resistant to non-magical damage, become tiny in size, can't act. ADV on Con,Dex and Str saves",Increase AOE by 3m/level,,,,,X
Witch Bolt,Evocation,Action,Attack Roll,18 m,Witch Bolt,Until Long Rest,Deal 1d12(+4) Lightning Damage and create a link between you and affected creatures. You may reactivate this link each turn at the cost of an Action in order to zap all tethered targets for 1d12(+4) Lightning Damage. These tethers expire if any tethered creature dies or at the end of combat.,Select 1 additional target per level,,,,X,X
Wither and Bloom,Necromancy,Action,CON Save / Heal,18 m,None,None,"Deal 1d12 poison damage on enemies in a large AOE, and heals allies in the AOE for 1D12",Increase healing and damage by 1d12/level,X,X,,,
Zephyr Movement,Transmutation,Bonus,Concentration / Movement,Self Only,Zephyr Movement,Until Long Rest,You ignore Opportunity attacks. You can teleport once per turn (9m range) as a free action. Your ability to wrap is not limited by sight.,No additional benefits,,X,,,X